gene,stat,pvalue,pheno_bl6_p,pheno_rag1ko_p,rgr_bl6_p,rgr_rag1ko_p,gene_product,pheno_expected,pvalue_corrected,significant_status
PBANKA_010940,5.217487263650469,1.8136669049588324e-07,Dispensable,Essential,0.8805403776041709,0.22293414871445302,"succinate dehydrogenase subunit 3, putative",EXPECTED_DIFFERENT,5.567957398223615e-05,significant
PBANKA_031580,6.4049197117252366,1.5044853065769363e-10,Dispensable,Essential,0.9148113673741729,0.0760718916444445,"ribosome associated membrane protein RAMP4, putative",EXPECTED_DIFFERENT,4.6187698911911945e-08,significant
PBANKA_110140,-6.216057490750006,5.098013187359656e-10,Slow,Dispensable,0.42734058109561296,0.928536692143085,rhoptry-associated protein 2/3,EXPECTED_DIFFERENT,1.5650900485194143e-07,significant
PBANKA_110430,4.23944467625441,2.2407340621252115e-05,Dispensable,Slow,1.1006070292238201,0.7243332269770201,"centrosomal protein CEP120, putative",EXPECTED_DIFFERENT,0.0068790535707244,significant
PBANKA_124020,5.060872118769758,4.173430742006384e-07,Dispensable,Essential,0.9269757384048479,0.119881219594751,"G-protein coupled receptor, putative",EXPECTED_DIFFERENT,0.00012812432377959598,significant
PBANKA_135820,5.007339423683433,5.51875578617978e-07,Dispensable,Slow,0.9141484312835741,0.354455985218896,"conserved Plasmodium protein, unknown function",EXPECTED_DIFFERENT,0.00016942580263571924,significant
PBANKA_141230,4.159272847506999,3.1926234483416434e-05,Dispensable,Essential,0.7057387861148259,0.17961899436786302,"conserved Plasmodium protein, unknown function",EXPECTED_DIFFERENT,0.009801353986408846,significant
