gene,stat,pvalue,pheno_bl6_p,pheno_bl6_np,rgr_bl6_p,rgr_bl6_np,gene_product,pheno_expected,pvalue_corrected,significant_status
PBANKA_091240,2.8953770973999635,0.0037870329296150274,Dispensable,Essential,1.0976062352006601,0.234024985410887,"conserved Plasmodium protein, unknown function",EXPECTED_DIFFERENT,0.5301846101461039,significant
PBANKA_093260,-3.0765835705980695,0.002093875983537583,Insufficient data,Dispensable,0.44357056801701,1.1987030992369199,"conserved Plasmodium protein, unknown function",EXPECTED_DIFFERENT,0.2931426376952616,significant
PBANKA_111430,-3.1202044573111647,0.0018072555084011719,Essential,Dispensable,0.19015939688075698,1.0722254630563,"conserved Plasmodium protein, unknown function",EXPECTED_DIFFERENT,0.2530157711761641,significant
PBANKA_131600,-4.7276357083690685,2.2714924421468976e-06,Essential,Slow,0.0426702721358879,0.588739270491776,"degradation in the ER (DER1) like protein, putative",EXPECTED_DIFFERENT,0.0003180089419005657,significant
PBANKA_132910,-3.5296382226459335,0.0004161282693999033,Essential,Dispensable,0.20385764370659198,1.01106859136279,"plasmepsin VIII, putative",EXPECTED_DIFFERENT,0.058257957715986464,significant
PBANKA_134630,-2.5779819318009896,0.009937919416650941,Insufficient data,Dispensable,0.37139514297071596,1.06683762983503,"CPW-WPC family protein, putative",EXPECTED_DIFFERENT,1.0,significant
PBANKA_140450,-3.8490898152973134,0.00011855753419390566,Essential,Dispensable,0.334439495141987,0.975111141658923,"conserved Plasmodium protein, unknown function",EXPECTED_DIFFERENT,0.016598054787146793,significant
PBANKA_142710,-2.711054191345509,0.006706966374463047,Insufficient data,Dispensable,0.497507609076537,1.1182211519428702,"aquaporin, putative",EXPECTED_DIFFERENT,0.9389752924248266,significant
