gene,stat,pvalue,pheno_RAG1KO_p,pheno_RAG1KO_np,rgr_RAG1KO_p,rgr_RAG1KO_np,gene_product,pheno_expected,pvalue_corrected,significant_status
PBANKA_010940,-4.477506847570777,7.5519806022573096e-06,Essential,Slow,0.22293414871445302,0.7193786880565071,"succinate dehydrogenase subunit 3, putative",EXPECTED_DIFFERENT,0.002318458044892994,significant
PBANKA_031580,-3.254636279548273,0.001135376721476338,Essential,Slow,0.0760718916444445,0.6246917637940811,"ribosome associated membrane protein RAMP4, putative",EXPECTED_DIFFERENT,0.3485606534932358,significant
PBANKA_041450,-3.219194135182748,0.0012855142150815806,Essential,Dispensable,0.21723291358079103,0.7435337011687142,"HVA22/TB2/DP1 family protein, putative",EXPECTED_DIFFERENT,0.39465286403004524,significant
PBANKA_121960,-3.2621943409111593,0.0011055332419740182,Essential,Dispensable,0.247140403394423,0.8106496654333821,"cg1 protein, putative",EXPECTED_DIFFERENT,0.33939870528602356,significant
PBANKA_124020,-3.0319187353489103,0.0024300461559894327,Essential,Slow,0.119881219594751,0.6170745921091291,"G-protein coupled receptor, putative",EXPECTED_DIFFERENT,0.7460241698887559,significant
PBANKA_135820,-3.4671681681662316,0.0005259727140057063,Slow,Dispensable,0.354455985218896,0.7995048263996359,"conserved Plasmodium protein, unknown function",EXPECTED_DIFFERENT,0.16147362319975184,significant
