gene,stat,pvalue,pheno_bl6_np,pheno_rag1ko_np,rgr_bl6_np,rgr_rag1ko_np,gene_product,pheno_expected,pvalue_corrected,significant_status
PBANKA_031580,2.599404158506064,0.009338575184353428,Dispensable,Slow,1.15456464454711,0.6246917637940811,"ribosome associated membrane protein RAMP4, putative",EXPECTED_DIFFERENT,1.0,significant
PBANKA_070070,3.1213321358970143,0.0018003485582032991,Dispensable,Slow,0.8731095613933341,0.631461261170651,"Plasmodium exported protein, unknown function",EXPECTED_DIFFERENT,0.5581080530430227,significant
PBANKA_070690,3.4745539552448492,0.0005117034440873725,Dispensable,Slow,1.00847359998435,0.5841186872081711,"conserved Plasmodium protein, unknown function",EXPECTED_DIFFERENT,0.15862806766708548,significant
PBANKA_080690,2.6046900953438006,0.00919573936041537,Dispensable,Essential,1.12263035075408,0.218267319792228,"conserved Plasmodium protein, unknown function",EXPECTED_DIFFERENT,1.0,significant
PBANKA_101210,4.630731977253679,3.6437529155746256e-06,Dispensable,Essential,1.0836870379129,0.265326813321837,"conserved Plasmodium protein, unknown function",EXPECTED_DIFFERENT,0.001129563403828134,significant
PBANKA_124020,2.5912436684541094,0.009562975359891281,Dispensable,Slow,1.0543736906111998,0.6170745921091291,"G-protein coupled receptor, putative",EXPECTED_DIFFERENT,1.0,significant
PBANKA_124430,4.598345314047776,4.258597286518418e-06,Dispensable,Slow,1.1618366952251,0.52951937413974,"zinc finger protein, putative",EXPECTED_DIFFERENT,0.0013201651588207095,significant
PBANKA_133950,2.9756140408932947,0.002924026095123916,Dispensable,Slow,1.18936070183987,0.503351244001772,"conserved Plasmodium protein, unknown function",EXPECTED_DIFFERENT,0.9064480894884139,significant
PBANKA_141230,3.916444968940972,8.986431701330626e-05,Dispensable,Essential,1.04580801507513,0.25108358548901105,"conserved Plasmodium protein, unknown function",EXPECTED_DIFFERENT,0.02785793827412494,significant
